vk kostyantyn.x.vorobyov@oracle.com
vk@beaker.aus kostyantyn.x.vorobyov@oracle.com
vk@beaker.aus.sun.com kostyantyn.x.vorobyov@oracle.com
nr125215 Nathan.Keynes@oracle.com
Nathan.Keynes@Sun.COM Nathan.Keynes@oracle.com
Nathan.Keynes@sun.com Nathan.Keynes@oracle.com
nkeynes@itee Nathan.Keynes@oracle.com
nkeynes@wibblewobble Nathan.Keynes@oracle.com
nkeynes@g317-macmini.itee.uq.edu.au Nathan.Keynes@oracle.com
nkeynes Nathan.Keynes@oracle.com
nr125215@sunlabs.aus Nathan.Keynes@oracle.com
nh231575@sunlabs.au.oracle.com nathan.x.hawes@oracle.com
nh231575 nathan.x.hawes@oracle.com
Nathan.Hawes@sun.com nathan.x.hawes@oracle.com
andrew@browneee.com Andrew.Robert.Browne@oracle.com
Brad.Moody@sun.com Brad.Moody@oracle.com
bm237391 Brad.Moody@oracle.com
Lian.Li@sun.com Lian.Li@oracle.com
Lian.li@oracle.com Lian.Li@oracle.com
cristina@itee Cristina.Cifuentes@oracle.com
Cristina.Cifuentes@sun.com Cristina.Cifuentes@oracle.com
ccifue@sunzi Cristina.Cifuentes@oracle.com
cristina.cifuentes@oracle.com Cristina.Cifuentes@oracle.com
cristina.cifuentes@sun.com Cristina.Cifuentes@oracle.com
Manuel.Valdiviezo@sun.com Manuel.Valdiviezo@oracle.com
manuel.valdiviezo@oracle.com Manuel.Valdiviezo@oracle.com
